,product_id,ordered_at,quantity_ordered,old_price,new_price,updated_at
0,3998909,2018-09-18 17:51:00,1,15500,16500,2018-09-16 05:09:00
1,3998909,2018-09-18 17:51:00,1,17000,15500,2018-09-13 06:43:00
2,3998909,2018-09-18 17:51:00,1,19000,17000,2018-09-10 16:35:00
3,3998909,2018-09-18 12:52:00,1,15500,16500,2018-09-16 05:09:00
4,3998909,2018-09-18 12:52:00,1,17000,15500,2018-09-13 06:43:00
5,3998909,2018-09-18 12:52:00,1,19000,17000,2018-09-10 16:35:00
6,3998909,2018-09-18 11:33:00,1,15500,16500,2018-09-16 05:09:00
7,3998909,2018-09-18 11:33:00,1,17000,15500,2018-09-13 06:43:00
8,3998909,2018-09-18 11:33:00,1,19000,17000,2018-09-10 16:35:00
9,3998909,2018-09-18 18:47:00,1,15500,16500,2018-09-16 05:09:00
10,3998909,2018-09-18 18:47:00,1,17000,15500,2018-09-13 06:43:00
11,3998909,2018-09-18 18:47:00,1,19000,17000,2018-09-10 16:35:00
12,3998909,2018-09-18 17:36:00,1,15500,16500,2018-09-16 05:09:00
13,3998909,2018-09-18 17:36:00,1,17000,15500,2018-09-13 06:43:00
14,3998909,2018-09-18 17:36:00,1,19000,17000,2018-09-10 16:35:00
15,3998909,2018-09-17 19:09:00,1,15500,16500,2018-09-16 05:09:00
16,3998909,2018-09-17 19:09:00,1,17000,15500,2018-09-13 06:43:00
17,3998909,2018-09-17 19:09:00,1,19000,17000,2018-09-10 16:35:00
18,3998909,2018-09-18 16:02:00,1,15500,16500,2018-09-16 05:09:00
19,3998909,2018-09-18 16:02:00,1,17000,15500,2018-09-13 06:43:00
20,3998909,2018-09-18 16:02:00,1,19000,17000,2018-09-10 16:35:00
21,3998909,2018-09-17 22:29:00,1,15500,16500,2018-09-16 05:09:00
22,3998909,2018-09-17 22:29:00,1,17000,15500,2018-09-13 06:43:00
23,3998909,2018-09-17 22:29:00,1,19000,17000,2018-09-10 16:35:00
24,3998909,2018-09-18 19:46:00,2,15500,16500,2018-09-16 05:09:00
25,3998909,2018-09-18 19:46:00,2,17000,15500,2018-09-13 06:43:00
26,3998909,2018-09-18 19:46:00,2,19000,17000,2018-09-10 16:35:00
27,3998909,2018-09-18 11:02:00,1,15500,16500,2018-09-16 05:09:00
28,3998909,2018-09-18 11:02:00,1,17000,15500,2018-09-13 06:43:00
29,3998909,2018-09-18 11:02:00,1,19000,17000,2018-09-10 16:35:00
30,3998909,2018-09-18 17:43:00,1,15500,16500,2018-09-16 05:09:00
31,3998909,2018-09-18 17:43:00,1,17000,15500,2018-09-13 06:43:00
32,3998909,2018-09-18 17:43:00,1,19000,17000,2018-09-10 16:35:00
33,3998909,2018-09-18 22:11:00,1,15500,16500,2018-09-16 05:09:00
34,3998909,2018-09-18 22:11:00,1,17000,15500,2018-09-13 06:43:00
35,3998909,2018-09-18 22:11:00,1,19000,17000,2018-09-10 16:35:00
36,3998909,2018-09-17 17:34:00,1,15500,16500,2018-09-16 05:09:00
37,3998909,2018-09-17 17:34:00,1,17000,15500,2018-09-13 06:43:00
38,3998909,2018-09-17 17:34:00,1,19000,17000,2018-09-10 16:35:00
39,3954203,2018-09-11 13:32:00,1,60000,64000,2018-09-11 11:54:00
40,3954203,2018-09-11 13:32:00,1,60500,57500,2018-09-17 22:59:00
41,3954203,2018-09-11 13:32:00,1,64000,60500,2018-09-15 03:49:00
42,3954203,2018-09-11 13:32:00,1,68800,60000,2018-09-10 16:32:00
43,3954203,2018-09-11 17:00:00,1,60000,64000,2018-09-11 11:54:00
44,3954203,2018-09-11 17:00:00,1,60500,57500,2018-09-17 22:59:00
45,3954203,2018-09-11 17:00:00,1,64000,60500,2018-09-15 03:49:00
46,3954203,2018-09-11 17:00:00,1,68800,60000,2018-09-10 16:32:00
47,3954203,2018-09-11 18:26:00,1,60000,64000,2018-09-11 11:54:00
48,3954203,2018-09-11 18:26:00,1,60500,57500,2018-09-17 22:59:00
49,3954203,2018-09-11 18:26:00,1,64000,60500,2018-09-15 03:49:00
50,3954203,2018-09-11 18:26:00,1,68800,60000,2018-09-10 16:32:00
51,3954203,2018-09-11 14:13:00,1,60000,64000,2018-09-11 11:54:00
52,3954203,2018-09-11 14:13:00,1,60500,57500,2018-09-17 22:59:00
53,3954203,2018-09-11 14:13:00,1,64000,60500,2018-09-15 03:49:00
54,3954203,2018-09-11 14:13:00,1,68800,60000,2018-09-10 16:32:00
55,3954203,2018-09-11 15:10:00,1,60000,64000,2018-09-11 11:54:00
56,3954203,2018-09-11 15:10:00,1,60500,57500,2018-09-17 22:59:00
57,3954203,2018-09-11 15:10:00,1,64000,60500,2018-09-15 03:49:00
58,3954203,2018-09-11 15:10:00,1,68800,60000,2018-09-10 16:32:00
59,3954203,2018-09-12 19:16:00,1,60000,64000,2018-09-11 11:54:00
60,3954203,2018-09-12 19:16:00,1,60500,57500,2018-09-17 22:59:00
61,3954203,2018-09-12 19:16:00,1,64000,60500,2018-09-15 03:49:00
62,3954203,2018-09-12 19:16:00,1,68800,60000,2018-09-10 16:32:00
63,3954203,2018-09-11 14:58:00,1,60000,64000,2018-09-11 11:54:00
64,3954203,2018-09-11 14:58:00,1,60500,57500,2018-09-17 22:59:00
65,3954203,2018-09-11 14:58:00,1,64000,60500,2018-09-15 03:49:00
66,3954203,2018-09-11 14:58:00,1,68800,60000,2018-09-10 16:32:00
67,3954203,2018-09-11 12:26:00,1,60000,64000,2018-09-11 11:54:00
68,3954203,2018-09-11 12:26:00,1,60500,57500,2018-09-17 22:59:00
69,3954203,2018-09-11 12:26:00,1,64000,60500,2018-09-15 03:49:00
70,3954203,2018-09-11 12:26:00,1,68800,60000,2018-09-10 16:32:00
71,3954203,2018-09-11 16:00:00,1,60000,64000,2018-09-11 11:54:00
72,3954203,2018-09-11 16:00:00,1,60500,57500,2018-09-17 22:59:00
73,3954203,2018-09-11 16:00:00,1,64000,60500,2018-09-15 03:49:00
74,3954203,2018-09-11 16:00:00,1,68800,60000,2018-09-10 16:32:00
75,3954203,2018-09-11 15:27:00,1,60000,64000,2018-09-11 11:54:00
76,3954203,2018-09-11 15:27:00,1,60500,57500,2018-09-17 22:59:00
77,3954203,2018-09-11 15:27:00,1,64000,60500,2018-09-15 03:49:00
78,3954203,2018-09-11 15:27:00,1,68800,60000,2018-09-10 16:32:00
79,3998909,2018-09-13 18:58:00,1,15500,16500,2018-09-16 05:09:00
80,3998909,2018-09-13 18:58:00,1,17000,15500,2018-09-13 06:43:00
81,3998909,2018-09-13 18:58:00,1,19000,17000,2018-09-10 16:35:00
82,3954203,2018-09-11 11:11:00,1,60000,64000,2018-09-11 11:54:00
83,3954203,2018-09-11 11:11:00,1,60500,57500,2018-09-17 22:59:00
84,3954203,2018-09-11 11:11:00,1,64000,60500,2018-09-15 03:49:00
85,3954203,2018-09-11 11:11:00,1,68800,60000,2018-09-10 16:32:00
86,3954203,2018-09-11 11:11:00,1,60000,64000,2018-09-11 11:54:00
87,3954203,2018-09-11 11:11:00,1,60500,57500,2018-09-17 22:59:00
88,3954203,2018-09-11 11:11:00,1,64000,60500,2018-09-15 03:49:00
89,3954203,2018-09-11 11:11:00,1,68800,60000,2018-09-10 16:32:00
90,4085861,2018-09-11 06:53:00,1,53500,52000,2018-09-17 22:59:00
91,4085861,2018-09-11 06:53:00,1,53500,67000,2018-09-12 03:51:00
92,4085861,2018-09-11 06:53:00,1,58000,53500,2018-09-17 03:35:00
93,4085861,2018-09-11 06:53:00,1,60000,53500,2018-09-11 08:51:00
94,4085861,2018-09-11 06:53:00,1,62500,58000,2018-09-15 03:51:00
95,4085861,2018-09-11 06:53:00,1,67000,62500,2018-09-13 06:43:00
96,4085861,2018-09-11 08:24:00,1,53500,52000,2018-09-17 22:59:00
97,4085861,2018-09-11 08:24:00,1,53500,67000,2018-09-12 03:51:00
98,4085861,2018-09-11 08:24:00,1,58000,53500,2018-09-17 03:35:00
99,4085861,2018-09-11 08:24:00,1,60000,53500,2018-09-11 08:51:00
100,4085861,2018-09-11 08:24:00,1,62500,58000,2018-09-15 03:51:00
101,4085861,2018-09-11 08:24:00,1,67000,62500,2018-09-13 06:43:00
102,4085861,2018-09-11 06:26:00,1,53500,52000,2018-09-17 22:59:00
103,4085861,2018-09-11 06:26:00,1,53500,67000,2018-09-12 03:51:00
104,4085861,2018-09-11 06:26:00,1,58000,53500,2018-09-17 03:35:00
105,4085861,2018-09-11 06:26:00,1,60000,53500,2018-09-11 08:51:00
106,4085861,2018-09-11 06:26:00,1,62500,58000,2018-09-15 03:51:00
107,4085861,2018-09-11 06:26:00,1,67000,62500,2018-09-13 06:43:00
108,4085861,2018-09-16 11:23:00,1,53500,52000,2018-09-17 22:59:00
109,4085861,2018-09-16 11:23:00,1,53500,67000,2018-09-12 03:51:00
110,4085861,2018-09-16 11:23:00,1,58000,53500,2018-09-17 03:35:00
111,4085861,2018-09-16 11:23:00,1,60000,53500,2018-09-11 08:51:00
112,4085861,2018-09-16 11:23:00,1,62500,58000,2018-09-15 03:51:00
113,4085861,2018-09-16 11:23:00,1,67000,62500,2018-09-13 06:43:00
114,4085861,2018-09-15 11:59:00,1,53500,52000,2018-09-17 22:59:00
115,4085861,2018-09-15 11:59:00,1,53500,67000,2018-09-12 03:51:00
116,4085861,2018-09-15 11:59:00,1,58000,53500,2018-09-17 03:35:00
117,4085861,2018-09-15 11:59:00,1,60000,53500,2018-09-11 08:51:00
118,4085861,2018-09-15 11:59:00,1,62500,58000,2018-09-15 03:51:00
119,4085861,2018-09-15 11:59:00,1,67000,62500,2018-09-13 06:43:00
120,4085861,2018-09-16 18:35:00,1,53500,52000,2018-09-17 22:59:00
121,4085861,2018-09-16 18:35:00,1,53500,67000,2018-09-12 03:51:00
122,4085861,2018-09-16 18:35:00,1,58000,53500,2018-09-17 03:35:00
123,4085861,2018-09-16 18:35:00,1,60000,53500,2018-09-11 08:51:00
124,4085861,2018-09-16 18:35:00,1,62500,58000,2018-09-15 03:51:00
125,4085861,2018-09-16 18:35:00,1,67000,62500,2018-09-13 06:43:00
126,4085861,2018-09-16 09:58:00,2,53500,52000,2018-09-17 22:59:00
127,4085861,2018-09-16 09:58:00,2,53500,67000,2018-09-12 03:51:00
128,4085861,2018-09-16 09:58:00,2,58000,53500,2018-09-17 03:35:00
129,4085861,2018-09-16 09:58:00,2,60000,53500,2018-09-11 08:51:00
130,4085861,2018-09-16 09:58:00,2,62500,58000,2018-09-15 03:51:00
131,4085861,2018-09-16 09:58:00,2,67000,62500,2018-09-13 06:43:00
132,4085861,2018-09-15 08:28:00,1,53500,52000,2018-09-17 22:59:00
133,4085861,2018-09-15 08:28:00,1,53500,67000,2018-09-12 03:51:00
134,4085861,2018-09-15 08:28:00,1,58000,53500,2018-09-17 03:35:00
135,4085861,2018-09-15 08:28:00,1,60000,53500,2018-09-11 08:51:00
136,4085861,2018-09-15 08:28:00,1,62500,58000,2018-09-15 03:51:00
137,4085861,2018-09-15 08:28:00,1,67000,62500,2018-09-13 06:43:00
138,4085861,2018-09-15 11:22:00,1,53500,52000,2018-09-17 22:59:00
139,4085861,2018-09-15 11:22:00,1,53500,67000,2018-09-12 03:51:00
140,4085861,2018-09-15 11:22:00,1,58000,53500,2018-09-17 03:35:00
141,4085861,2018-09-15 11:22:00,1,60000,53500,2018-09-11 08:51:00
142,4085861,2018-09-15 11:22:00,1,62500,58000,2018-09-15 03:51:00
143,4085861,2018-09-15 11:22:00,1,67000,62500,2018-09-13 06:43:00
144,4085861,2018-09-15 17:40:00,1,53500,52000,2018-09-17 22:59:00
145,4085861,2018-09-15 17:40:00,1,53500,67000,2018-09-12 03:51:00
146,4085861,2018-09-15 17:40:00,1,58000,53500,2018-09-17 03:35:00
147,4085861,2018-09-15 17:40:00,1,60000,53500,2018-09-11 08:51:00
148,4085861,2018-09-15 17:40:00,1,62500,58000,2018-09-15 03:51:00
149,4085861,2018-09-15 17:40:00,1,67000,62500,2018-09-13 06:43:00
150,4085861,2018-09-16 16:56:00,1,53500,52000,2018-09-17 22:59:00
151,4085861,2018-09-16 16:56:00,1,53500,67000,2018-09-12 03:51:00
152,4085861,2018-09-16 16:56:00,1,58000,53500,2018-09-17 03:35:00
153,4085861,2018-09-16 16:56:00,1,60000,53500,2018-09-11 08:51:00
154,4085861,2018-09-16 16:56:00,1,62500,58000,2018-09-15 03:51:00
155,4085861,2018-09-16 16:56:00,1,67000,62500,2018-09-13 06:43:00
156,4085861,2018-09-16 19:25:00,1,53500,52000,2018-09-17 22:59:00
157,4085861,2018-09-16 19:25:00,1,53500,67000,2018-09-12 03:51:00
158,4085861,2018-09-16 19:25:00,1,58000,53500,2018-09-17 03:35:00
159,4085861,2018-09-16 19:25:00,1,60000,53500,2018-09-11 08:51:00
160,4085861,2018-09-16 19:25:00,1,62500,58000,2018-09-15 03:51:00
161,4085861,2018-09-16 19:25:00,1,67000,62500,2018-09-13 06:43:00
162,4085861,2018-09-15 13:10:00,1,53500,52000,2018-09-17 22:59:00
163,4085861,2018-09-15 13:10:00,1,53500,67000,2018-09-12 03:51:00
164,4085861,2018-09-15 13:10:00,1,58000,53500,2018-09-17 03:35:00
165,4085861,2018-09-15 13:10:00,1,60000,53500,2018-09-11 08:51:00
166,4085861,2018-09-15 13:10:00,1,62500,58000,2018-09-15 03:51:00
167,4085861,2018-09-15 13:10:00,1,67000,62500,2018-09-13 06:43:00
168,4085861,2018-09-16 23:19:00,1,53500,52000,2018-09-17 22:59:00
169,4085861,2018-09-16 23:19:00,1,53500,67000,2018-09-12 03:51:00
170,4085861,2018-09-16 23:19:00,1,58000,53500,2018-09-17 03:35:00
171,4085861,2018-09-16 23:19:00,1,60000,53500,2018-09-11 08:51:00
172,4085861,2018-09-16 23:19:00,1,62500,58000,2018-09-15 03:51:00
173,4085861,2018-09-16 23:19:00,1,67000,62500,2018-09-13 06:43:00
174,4085861,2018-09-16 03:01:00,1,53500,52000,2018-09-17 22:59:00
175,4085861,2018-09-16 03:01:00,1,53500,67000,2018-09-12 03:51:00
176,4085861,2018-09-16 03:01:00,1,58000,53500,2018-09-17 03:35:00
177,4085861,2018-09-16 03:01:00,1,60000,53500,2018-09-11 08:51:00
178,4085861,2018-09-16 03:01:00,1,62500,58000,2018-09-15 03:51:00
179,4085861,2018-09-16 03:01:00,1,67000,62500,2018-09-13 06:43:00
180,4085861,2018-09-15 22:10:00,1,53500,52000,2018-09-17 22:59:00
181,4085861,2018-09-15 22:10:00,1,53500,67000,2018-09-12 03:51:00
182,4085861,2018-09-15 22:10:00,1,58000,53500,2018-09-17 03:35:00
183,4085861,2018-09-15 22:10:00,1,60000,53500,2018-09-11 08:51:00
184,4085861,2018-09-15 22:10:00,1,62500,58000,2018-09-15 03:51:00
185,4085861,2018-09-15 22:10:00,1,67000,62500,2018-09-13 06:43:00
186,4085861,2018-09-16 07:42:00,1,53500,52000,2018-09-17 22:59:00
187,4085861,2018-09-16 07:42:00,1,53500,67000,2018-09-12 03:51:00
188,4085861,2018-09-16 07:42:00,1,58000,53500,2018-09-17 03:35:00
189,4085861,2018-09-16 07:42:00,1,60000,53500,2018-09-11 08:51:00
190,4085861,2018-09-16 07:42:00,1,62500,58000,2018-09-15 03:51:00
191,4085861,2018-09-16 07:42:00,1,67000,62500,2018-09-13 06:43:00
192,4085861,2018-09-16 15:54:00,1,53500,52000,2018-09-17 22:59:00
193,4085861,2018-09-16 15:54:00,1,53500,67000,2018-09-12 03:51:00
194,4085861,2018-09-16 15:54:00,1,58000,53500,2018-09-17 03:35:00
195,4085861,2018-09-16 15:54:00,1,60000,53500,2018-09-11 08:51:00
196,4085861,2018-09-16 15:54:00,1,62500,58000,2018-09-15 03:51:00
197,4085861,2018-09-16 15:54:00,1,67000,62500,2018-09-13 06:43:00
198,4085861,2018-09-16 18:25:00,1,53500,52000,2018-09-17 22:59:00
199,4085861,2018-09-16 18:25:00,1,53500,67000,2018-09-12 03:51:00
200,4085861,2018-09-16 18:25:00,1,58000,53500,2018-09-17 03:35:00
201,4085861,2018-09-16 18:25:00,1,60000,53500,2018-09-11 08:51:00
202,4085861,2018-09-16 18:25:00,1,62500,58000,2018-09-15 03:51:00
203,4085861,2018-09-16 18:25:00,1,67000,62500,2018-09-13 06:43:00
204,4085861,2018-09-16 22:48:00,1,53500,52000,2018-09-17 22:59:00
205,4085861,2018-09-16 22:48:00,1,53500,67000,2018-09-12 03:51:00
206,4085861,2018-09-16 22:48:00,1,58000,53500,2018-09-17 03:35:00
207,4085861,2018-09-16 22:48:00,1,60000,53500,2018-09-11 08:51:00
208,4085861,2018-09-16 22:48:00,1,62500,58000,2018-09-15 03:51:00
209,4085861,2018-09-16 22:48:00,1,67000,62500,2018-09-13 06:43:00
210,4085861,2018-09-15 19:35:00,1,53500,52000,2018-09-17 22:59:00
211,4085861,2018-09-15 19:35:00,1,53500,67000,2018-09-12 03:51:00
212,4085861,2018-09-15 19:35:00,1,58000,53500,2018-09-17 03:35:00
213,4085861,2018-09-15 19:35:00,1,60000,53500,2018-09-11 08:51:00
214,4085861,2018-09-15 19:35:00,1,62500,58000,2018-09-15 03:51:00
215,4085861,2018-09-15 19:35:00,1,67000,62500,2018-09-13 06:43:00
216,4085861,2018-09-15 16:25:00,1,53500,52000,2018-09-17 22:59:00
217,4085861,2018-09-15 16:25:00,1,53500,67000,2018-09-12 03:51:00
218,4085861,2018-09-15 16:25:00,1,58000,53500,2018-09-17 03:35:00
219,4085861,2018-09-15 16:25:00,1,60000,53500,2018-09-11 08:51:00
220,4085861,2018-09-15 16:25:00,1,62500,58000,2018-09-15 03:51:00
221,4085861,2018-09-15 16:25:00,1,67000,62500,2018-09-13 06:43:00
222,4085861,2018-09-16 16:55:00,1,53500,52000,2018-09-17 22:59:00
223,4085861,2018-09-16 16:55:00,1,53500,67000,2018-09-12 03:51:00
224,4085861,2018-09-16 16:55:00,1,58000,53500,2018-09-17 03:35:00
225,4085861,2018-09-16 16:55:00,1,60000,53500,2018-09-11 08:51:00
226,4085861,2018-09-16 16:55:00,1,62500,58000,2018-09-15 03:51:00
227,4085861,2018-09-16 16:55:00,1,67000,62500,2018-09-13 06:43:00
228,4085861,2018-09-16 21:25:00,1,53500,52000,2018-09-17 22:59:00
229,4085861,2018-09-16 21:25:00,1,53500,67000,2018-09-12 03:51:00
230,4085861,2018-09-16 21:25:00,1,58000,53500,2018-09-17 03:35:00
231,4085861,2018-09-16 21:25:00,1,60000,53500,2018-09-11 08:51:00
232,4085861,2018-09-16 21:25:00,1,62500,58000,2018-09-15 03:51:00
233,4085861,2018-09-16 21:25:00,1,67000,62500,2018-09-13 06:43:00
234,4085861,2018-09-16 09:31:00,1,53500,52000,2018-09-17 22:59:00
235,4085861,2018-09-16 09:31:00,1,53500,67000,2018-09-12 03:51:00
236,4085861,2018-09-16 09:31:00,1,58000,53500,2018-09-17 03:35:00
237,4085861,2018-09-16 09:31:00,1,60000,53500,2018-09-11 08:51:00
238,4085861,2018-09-16 09:31:00,1,62500,58000,2018-09-15 03:51:00
239,4085861,2018-09-16 09:31:00,1,67000,62500,2018-09-13 06:43:00
240,4085861,2018-09-16 15:32:00,1,53500,52000,2018-09-17 22:59:00
241,4085861,2018-09-16 15:32:00,1,53500,67000,2018-09-12 03:51:00
242,4085861,2018-09-16 15:32:00,1,58000,53500,2018-09-17 03:35:00
243,4085861,2018-09-16 15:32:00,1,60000,53500,2018-09-11 08:51:00
244,4085861,2018-09-16 15:32:00,1,62500,58000,2018-09-15 03:51:00
245,4085861,2018-09-16 15:32:00,1,67000,62500,2018-09-13 06:43:00
246,4085861,2018-09-15 18:08:00,1,53500,52000,2018-09-17 22:59:00
247,4085861,2018-09-15 18:08:00,1,53500,67000,2018-09-12 03:51:00
248,4085861,2018-09-15 18:08:00,1,58000,53500,2018-09-17 03:35:00
249,4085861,2018-09-15 18:08:00,1,60000,53500,2018-09-11 08:51:00
250,4085861,2018-09-15 18:08:00,1,62500,58000,2018-09-15 03:51:00
251,4085861,2018-09-15 18:08:00,1,67000,62500,2018-09-13 06:43:00
252,4085861,2018-09-16 22:36:00,1,53500,52000,2018-09-17 22:59:00
253,4085861,2018-09-16 22:36:00,1,53500,67000,2018-09-12 03:51:00
254,4085861,2018-09-16 22:36:00,1,58000,53500,2018-09-17 03:35:00
255,4085861,2018-09-16 22:36:00,1,60000,53500,2018-09-11 08:51:00
256,4085861,2018-09-16 22:36:00,1,62500,58000,2018-09-15 03:51:00
257,4085861,2018-09-16 22:36:00,1,67000,62500,2018-09-13 06:43:00
258,4085861,2018-09-15 21:37:00,1,53500,52000,2018-09-17 22:59:00
259,4085861,2018-09-15 21:37:00,1,53500,67000,2018-09-12 03:51:00
260,4085861,2018-09-15 21:37:00,1,58000,53500,2018-09-17 03:35:00
261,4085861,2018-09-15 21:37:00,1,60000,53500,2018-09-11 08:51:00
262,4085861,2018-09-15 21:37:00,1,62500,58000,2018-09-15 03:51:00
263,4085861,2018-09-15 21:37:00,1,67000,62500,2018-09-13 06:43:00
264,4085861,2018-09-15 18:13:00,1,53500,52000,2018-09-17 22:59:00
265,4085861,2018-09-15 18:13:00,1,53500,67000,2018-09-12 03:51:00
266,4085861,2018-09-15 18:13:00,1,58000,53500,2018-09-17 03:35:00
267,4085861,2018-09-15 18:13:00,1,60000,53500,2018-09-11 08:51:00
268,4085861,2018-09-15 18:13:00,1,62500,58000,2018-09-15 03:51:00
269,4085861,2018-09-15 18:13:00,1,67000,62500,2018-09-13 06:43:00
270,4085861,2018-09-15 14:14:00,1,53500,52000,2018-09-17 22:59:00
271,4085861,2018-09-15 14:14:00,1,53500,67000,2018-09-12 03:51:00
272,4085861,2018-09-15 14:14:00,1,58000,53500,2018-09-17 03:35:00
273,4085861,2018-09-15 14:14:00,1,60000,53500,2018-09-11 08:51:00
274,4085861,2018-09-15 14:14:00,1,62500,58000,2018-09-15 03:51:00
275,4085861,2018-09-15 14:14:00,1,67000,62500,2018-09-13 06:43:00
276,4085861,2018-09-15 11:52:00,1,53500,52000,2018-09-17 22:59:00
277,4085861,2018-09-15 11:52:00,1,53500,67000,2018-09-12 03:51:00
278,4085861,2018-09-15 11:52:00,1,58000,53500,2018-09-17 03:35:00
279,4085861,2018-09-15 11:52:00,1,60000,53500,2018-09-11 08:51:00
280,4085861,2018-09-15 11:52:00,1,62500,58000,2018-09-15 03:51:00
281,4085861,2018-09-15 11:52:00,1,67000,62500,2018-09-13 06:43:00
282,4085861,2018-09-15 21:44:00,1,53500,52000,2018-09-17 22:59:00
283,4085861,2018-09-15 21:44:00,1,53500,67000,2018-09-12 03:51:00
284,4085861,2018-09-15 21:44:00,1,58000,53500,2018-09-17 03:35:00
285,4085861,2018-09-15 21:44:00,1,60000,53500,2018-09-11 08:51:00
286,4085861,2018-09-15 21:44:00,1,62500,58000,2018-09-15 03:51:00
287,4085861,2018-09-15 21:44:00,1,67000,62500,2018-09-13 06:43:00
288,4085861,2018-09-16 13:36:00,1,53500,52000,2018-09-17 22:59:00
289,4085861,2018-09-16 13:36:00,1,53500,67000,2018-09-12 03:51:00
290,4085861,2018-09-16 13:36:00,1,58000,53500,2018-09-17 03:35:00
291,4085861,2018-09-16 13:36:00,1,60000,53500,2018-09-11 08:51:00
292,4085861,2018-09-16 13:36:00,1,62500,58000,2018-09-15 03:51:00
293,4085861,2018-09-16 13:36:00,1,67000,62500,2018-09-13 06:43:00
294,4085861,2018-09-15 07:56:00,1,53500,52000,2018-09-17 22:59:00
295,4085861,2018-09-15 07:56:00,1,53500,67000,2018-09-12 03:51:00
296,4085861,2018-09-15 07:56:00,1,58000,53500,2018-09-17 03:35:00
297,4085861,2018-09-15 07:56:00,1,60000,53500,2018-09-11 08:51:00
298,4085861,2018-09-15 07:56:00,1,62500,58000,2018-09-15 03:51:00
299,4085861,2018-09-15 07:56:00,1,67000,62500,2018-09-13 06:43:00
300,4085861,2018-09-15 11:53:00,1,53500,52000,2018-09-17 22:59:00
301,4085861,2018-09-15 11:53:00,1,53500,67000,2018-09-12 03:51:00
302,4085861,2018-09-15 11:53:00,1,58000,53500,2018-09-17 03:35:00
303,4085861,2018-09-15 11:53:00,1,60000,53500,2018-09-11 08:51:00
304,4085861,2018-09-15 11:53:00,1,62500,58000,2018-09-15 03:51:00
305,4085861,2018-09-15 11:53:00,1,67000,62500,2018-09-13 06:43:00
306,4085861,2018-09-17 01:46:00,1,53500,52000,2018-09-17 22:59:00
307,4085861,2018-09-17 01:46:00,1,53500,67000,2018-09-12 03:51:00
308,4085861,2018-09-17 01:46:00,1,58000,53500,2018-09-17 03:35:00
309,4085861,2018-09-17 01:46:00,1,60000,53500,2018-09-11 08:51:00
310,4085861,2018-09-17 01:46:00,1,62500,58000,2018-09-15 03:51:00
311,4085861,2018-09-17 01:46:00,1,67000,62500,2018-09-13 06:43:00
312,4085861,2018-09-15 08:18:00,1,53500,52000,2018-09-17 22:59:00
313,4085861,2018-09-15 08:18:00,1,53500,67000,2018-09-12 03:51:00
314,4085861,2018-09-15 08:18:00,1,58000,53500,2018-09-17 03:35:00
315,4085861,2018-09-15 08:18:00,1,60000,53500,2018-09-11 08:51:00
316,4085861,2018-09-15 08:18:00,1,62500,58000,2018-09-15 03:51:00
317,4085861,2018-09-15 08:18:00,1,67000,62500,2018-09-13 06:43:00
318,4085861,2018-09-16 20:40:00,1,53500,52000,2018-09-17 22:59:00
319,4085861,2018-09-16 20:40:00,1,53500,67000,2018-09-12 03:51:00
320,4085861,2018-09-16 20:40:00,1,58000,53500,2018-09-17 03:35:00
321,4085861,2018-09-16 20:40:00,1,60000,53500,2018-09-11 08:51:00
322,4085861,2018-09-16 20:40:00,1,62500,58000,2018-09-15 03:51:00
323,4085861,2018-09-16 20:40:00,1,67000,62500,2018-09-13 06:43:00
324,4085861,2018-09-15 21:05:00,1,53500,52000,2018-09-17 22:59:00
325,4085861,2018-09-15 21:05:00,1,53500,67000,2018-09-12 03:51:00
326,4085861,2018-09-15 21:05:00,1,58000,53500,2018-09-17 03:35:00
327,4085861,2018-09-15 21:05:00,1,60000,53500,2018-09-11 08:51:00
328,4085861,2018-09-15 21:05:00,1,62500,58000,2018-09-15 03:51:00
329,4085861,2018-09-15 21:05:00,1,67000,62500,2018-09-13 06:43:00
330,4085861,2018-09-18 14:40:00,1,53500,52000,2018-09-17 22:59:00
331,4085861,2018-09-18 14:40:00,1,53500,67000,2018-09-12 03:51:00
332,4085861,2018-09-18 14:40:00,1,58000,53500,2018-09-17 03:35:00
333,4085861,2018-09-18 14:40:00,1,60000,53500,2018-09-11 08:51:00
334,4085861,2018-09-18 14:40:00,1,62500,58000,2018-09-15 03:51:00
335,4085861,2018-09-18 14:40:00,1,67000,62500,2018-09-13 06:43:00
336,4085861,2018-09-18 20:23:00,1,53500,52000,2018-09-17 22:59:00
337,4085861,2018-09-18 20:23:00,1,53500,67000,2018-09-12 03:51:00
338,4085861,2018-09-18 20:23:00,1,58000,53500,2018-09-17 03:35:00
339,4085861,2018-09-18 20:23:00,1,60000,53500,2018-09-11 08:51:00
340,4085861,2018-09-18 20:23:00,1,62500,58000,2018-09-15 03:51:00
341,4085861,2018-09-18 20:23:00,1,67000,62500,2018-09-13 06:43:00
342,4085861,2018-09-18 06:53:00,1,53500,52000,2018-09-17 22:59:00
343,4085861,2018-09-18 06:53:00,1,53500,67000,2018-09-12 03:51:00
344,4085861,2018-09-18 06:53:00,1,58000,53500,2018-09-17 03:35:00
345,4085861,2018-09-18 06:53:00,1,60000,53500,2018-09-11 08:51:00
346,4085861,2018-09-18 06:53:00,1,62500,58000,2018-09-15 03:51:00
347,4085861,2018-09-18 06:53:00,1,67000,62500,2018-09-13 06:43:00
348,4085861,2018-09-18 06:47:00,1,53500,52000,2018-09-17 22:59:00
349,4085861,2018-09-18 06:47:00,1,53500,67000,2018-09-12 03:51:00
350,4085861,2018-09-18 06:47:00,1,58000,53500,2018-09-17 03:35:00
351,4085861,2018-09-18 06:47:00,1,60000,53500,2018-09-11 08:51:00
352,4085861,2018-09-18 06:47:00,1,62500,58000,2018-09-15 03:51:00
353,4085861,2018-09-18 06:47:00,1,67000,62500,2018-09-13 06:43:00
354,4085861,2018-09-18 08:29:00,1,53500,52000,2018-09-17 22:59:00
355,4085861,2018-09-18 08:29:00,1,53500,67000,2018-09-12 03:51:00
356,4085861,2018-09-18 08:29:00,1,58000,53500,2018-09-17 03:35:00
357,4085861,2018-09-18 08:29:00,1,60000,53500,2018-09-11 08:51:00
358,4085861,2018-09-18 08:29:00,1,62500,58000,2018-09-15 03:51:00
359,4085861,2018-09-18 08:29:00,1,67000,62500,2018-09-13 06:43:00
360,4085861,2018-09-18 10:17:00,1,53500,52000,2018-09-17 22:59:00
361,4085861,2018-09-18 10:17:00,1,53500,67000,2018-09-12 03:51:00
362,4085861,2018-09-18 10:17:00,1,58000,53500,2018-09-17 03:35:00
363,4085861,2018-09-18 10:17:00,1,60000,53500,2018-09-11 08:51:00
364,4085861,2018-09-18 10:17:00,1,62500,58000,2018-09-15 03:51:00
365,4085861,2018-09-18 10:17:00,1,67000,62500,2018-09-13 06:43:00
366,4085861,2018-09-18 15:25:00,1,53500,52000,2018-09-17 22:59:00
367,4085861,2018-09-18 15:25:00,1,53500,67000,2018-09-12 03:51:00
368,4085861,2018-09-18 15:25:00,1,58000,53500,2018-09-17 03:35:00
369,4085861,2018-09-18 15:25:00,1,60000,53500,2018-09-11 08:51:00
370,4085861,2018-09-18 15:25:00,1,62500,58000,2018-09-15 03:51:00
371,4085861,2018-09-18 15:25:00,1,67000,62500,2018-09-13 06:43:00
372,4085861,2018-09-18 12:24:00,1,53500,52000,2018-09-17 22:59:00
373,4085861,2018-09-18 12:24:00,1,53500,67000,2018-09-12 03:51:00
374,4085861,2018-09-18 12:24:00,1,58000,53500,2018-09-17 03:35:00
375,4085861,2018-09-18 12:24:00,1,60000,53500,2018-09-11 08:51:00
376,4085861,2018-09-18 12:24:00,1,62500,58000,2018-09-15 03:51:00
377,4085861,2018-09-18 12:24:00,1,67000,62500,2018-09-13 06:43:00
378,4085861,2018-09-18 07:01:00,1,53500,52000,2018-09-17 22:59:00
379,4085861,2018-09-18 07:01:00,1,53500,67000,2018-09-12 03:51:00
380,4085861,2018-09-18 07:01:00,1,58000,53500,2018-09-17 03:35:00
381,4085861,2018-09-18 07:01:00,1,60000,53500,2018-09-11 08:51:00
382,4085861,2018-09-18 07:01:00,1,62500,58000,2018-09-15 03:51:00
383,4085861,2018-09-18 07:01:00,1,67000,62500,2018-09-13 06:43:00
384,4085861,2018-09-18 18:52:00,1,53500,52000,2018-09-17 22:59:00
385,4085861,2018-09-18 18:52:00,1,53500,67000,2018-09-12 03:51:00
386,4085861,2018-09-18 18:52:00,1,58000,53500,2018-09-17 03:35:00
387,4085861,2018-09-18 18:52:00,1,60000,53500,2018-09-11 08:51:00
388,4085861,2018-09-18 18:52:00,1,62500,58000,2018-09-15 03:51:00
389,4085861,2018-09-18 18:52:00,1,67000,62500,2018-09-13 06:43:00
390,4085861,2018-09-18 10:34:00,1,53500,52000,2018-09-17 22:59:00
391,4085861,2018-09-18 10:34:00,1,53500,67000,2018-09-12 03:51:00
392,4085861,2018-09-18 10:34:00,1,58000,53500,2018-09-17 03:35:00
393,4085861,2018-09-18 10:34:00,1,60000,53500,2018-09-11 08:51:00
394,4085861,2018-09-18 10:34:00,1,62500,58000,2018-09-15 03:51:00
395,4085861,2018-09-18 10:34:00,1,67000,62500,2018-09-13 06:43:00
396,4085861,2018-09-18 20:43:00,1,53500,52000,2018-09-17 22:59:00
397,4085861,2018-09-18 20:43:00,1,53500,67000,2018-09-12 03:51:00
398,4085861,2018-09-18 20:43:00,1,58000,53500,2018-09-17 03:35:00
399,4085861,2018-09-18 20:43:00,1,60000,53500,2018-09-11 08:51:00
400,4085861,2018-09-18 20:43:00,1,62500,58000,2018-09-15 03:51:00
401,4085861,2018-09-18 20:43:00,1,67000,62500,2018-09-13 06:43:00
402,4085861,2018-09-18 14:46:00,1,53500,52000,2018-09-17 22:59:00
403,4085861,2018-09-18 14:46:00,1,53500,67000,2018-09-12 03:51:00
404,4085861,2018-09-18 14:46:00,1,58000,53500,2018-09-17 03:35:00
405,4085861,2018-09-18 14:46:00,1,60000,53500,2018-09-11 08:51:00
406,4085861,2018-09-18 14:46:00,1,62500,58000,2018-09-15 03:51:00
407,4085861,2018-09-18 14:46:00,1,67000,62500,2018-09-13 06:43:00
408,4085861,2018-09-18 20:54:00,1,53500,52000,2018-09-17 22:59:00
409,4085861,2018-09-18 20:54:00,1,53500,67000,2018-09-12 03:51:00
410,4085861,2018-09-18 20:54:00,1,58000,53500,2018-09-17 03:35:00
411,4085861,2018-09-18 20:54:00,1,60000,53500,2018-09-11 08:51:00
412,4085861,2018-09-18 20:54:00,1,62500,58000,2018-09-15 03:51:00
413,4085861,2018-09-18 20:54:00,1,67000,62500,2018-09-13 06:43:00
414,4085861,2018-09-18 10:21:00,1,53500,52000,2018-09-17 22:59:00
415,4085861,2018-09-18 10:21:00,1,53500,67000,2018-09-12 03:51:00
416,4085861,2018-09-18 10:21:00,1,58000,53500,2018-09-17 03:35:00
417,4085861,2018-09-18 10:21:00,1,60000,53500,2018-09-11 08:51:00
418,4085861,2018-09-18 10:21:00,1,62500,58000,2018-09-15 03:51:00
419,4085861,2018-09-18 10:21:00,1,67000,62500,2018-09-13 06:43:00
420,4085861,2018-09-18 10:28:00,1,53500,52000,2018-09-17 22:59:00
421,4085861,2018-09-18 10:28:00,1,53500,67000,2018-09-12 03:51:00
422,4085861,2018-09-18 10:28:00,1,58000,53500,2018-09-17 03:35:00
423,4085861,2018-09-18 10:28:00,1,60000,53500,2018-09-11 08:51:00
424,4085861,2018-09-18 10:28:00,1,62500,58000,2018-09-15 03:51:00
425,4085861,2018-09-18 10:28:00,1,67000,62500,2018-09-13 06:43:00
426,4085861,2018-09-18 15:52:00,1,53500,52000,2018-09-17 22:59:00
427,4085861,2018-09-18 15:52:00,1,53500,67000,2018-09-12 03:51:00
428,4085861,2018-09-18 15:52:00,1,58000,53500,2018-09-17 03:35:00
429,4085861,2018-09-18 15:52:00,1,60000,53500,2018-09-11 08:51:00
430,4085861,2018-09-18 15:52:00,1,62500,58000,2018-09-15 03:51:00
431,4085861,2018-09-18 15:52:00,1,67000,62500,2018-09-13 06:43:00
432,4085861,2018-09-18 15:56:00,1,53500,52000,2018-09-17 22:59:00
433,4085861,2018-09-18 15:56:00,1,53500,67000,2018-09-12 03:51:00
434,4085861,2018-09-18 15:56:00,1,58000,53500,2018-09-17 03:35:00
435,4085861,2018-09-18 15:56:00,1,60000,53500,2018-09-11 08:51:00
436,4085861,2018-09-18 15:56:00,1,62500,58000,2018-09-15 03:51:00
437,4085861,2018-09-18 15:56:00,1,67000,62500,2018-09-13 06:43:00
438,3998909,2018-09-12 08:28:00,1,15500,16500,2018-09-16 05:09:00
439,3998909,2018-09-12 08:28:00,1,17000,15500,2018-09-13 06:43:00
440,3998909,2018-09-12 08:28:00,1,19000,17000,2018-09-10 16:35:00
441,3998909,2018-09-12 19:58:00,1,15500,16500,2018-09-16 05:09:00
442,3998909,2018-09-12 19:58:00,1,17000,15500,2018-09-13 06:43:00
443,3998909,2018-09-12 19:58:00,1,19000,17000,2018-09-10 16:35:00
444,3954203,2018-09-11 01:43:00,1,60000,64000,2018-09-11 11:54:00
445,3954203,2018-09-11 01:43:00,1,60500,57500,2018-09-17 22:59:00
446,3954203,2018-09-11 01:43:00,1,64000,60500,2018-09-15 03:49:00
447,3954203,2018-09-11 01:43:00,1,68800,60000,2018-09-10 16:32:00
448,3954203,2018-09-18 21:26:00,1,60000,64000,2018-09-11 11:54:00
449,3954203,2018-09-18 21:26:00,1,60500,57500,2018-09-17 22:59:00
450,3954203,2018-09-18 21:26:00,1,64000,60500,2018-09-15 03:49:00
451,3954203,2018-09-18 21:26:00,1,68800,60000,2018-09-10 16:32:00
452,4085861,2018-09-17 13:45:00,1,53500,52000,2018-09-17 22:59:00
453,4085861,2018-09-17 13:45:00,1,53500,67000,2018-09-12 03:51:00
454,4085861,2018-09-17 13:45:00,1,58000,53500,2018-09-17 03:35:00
455,4085861,2018-09-17 13:45:00,1,60000,53500,2018-09-11 08:51:00
456,4085861,2018-09-17 13:45:00,1,62500,58000,2018-09-15 03:51:00
457,4085861,2018-09-17 13:45:00,1,67000,62500,2018-09-13 06:43:00
458,4085861,2018-09-17 10:00:00,1,53500,52000,2018-09-17 22:59:00
459,4085861,2018-09-17 10:00:00,1,53500,67000,2018-09-12 03:51:00
460,4085861,2018-09-17 10:00:00,1,58000,53500,2018-09-17 03:35:00
461,4085861,2018-09-17 10:00:00,1,60000,53500,2018-09-11 08:51:00
462,4085861,2018-09-17 10:00:00,1,62500,58000,2018-09-15 03:51:00
463,4085861,2018-09-17 10:00:00,1,67000,62500,2018-09-13 06:43:00
464,4085861,2018-09-11 17:12:00,1,53500,52000,2018-09-17 22:59:00
465,4085861,2018-09-11 17:12:00,1,53500,67000,2018-09-12 03:51:00
466,4085861,2018-09-11 17:12:00,1,58000,53500,2018-09-17 03:35:00
467,4085861,2018-09-11 17:12:00,1,60000,53500,2018-09-11 08:51:00
468,4085861,2018-09-11 17:12:00,1,62500,58000,2018-09-15 03:51:00
469,4085861,2018-09-11 17:12:00,1,67000,62500,2018-09-13 06:43:00
470,4085861,2018-09-17 13:44:00,1,53500,52000,2018-09-17 22:59:00
471,4085861,2018-09-17 13:44:00,1,53500,67000,2018-09-12 03:51:00
472,4085861,2018-09-17 13:44:00,1,58000,53500,2018-09-17 03:35:00
473,4085861,2018-09-17 13:44:00,1,60000,53500,2018-09-11 08:51:00
474,4085861,2018-09-17 13:44:00,1,62500,58000,2018-09-15 03:51:00
475,4085861,2018-09-17 13:44:00,1,67000,62500,2018-09-13 06:43:00
476,4085861,2018-09-17 10:30:00,1,53500,52000,2018-09-17 22:59:00
477,4085861,2018-09-17 10:30:00,1,53500,67000,2018-09-12 03:51:00
478,4085861,2018-09-17 10:30:00,1,58000,53500,2018-09-17 03:35:00
479,4085861,2018-09-17 10:30:00,1,60000,53500,2018-09-11 08:51:00
480,4085861,2018-09-17 10:30:00,1,62500,58000,2018-09-15 03:51:00
481,4085861,2018-09-17 10:30:00,1,67000,62500,2018-09-13 06:43:00
482,4085861,2018-09-12 01:10:00,1,53500,52000,2018-09-17 22:59:00
483,4085861,2018-09-12 01:10:00,1,53500,67000,2018-09-12 03:51:00
484,4085861,2018-09-12 01:10:00,1,58000,53500,2018-09-17 03:35:00
485,4085861,2018-09-12 01:10:00,1,60000,53500,2018-09-11 08:51:00
486,4085861,2018-09-12 01:10:00,1,62500,58000,2018-09-15 03:51:00
487,4085861,2018-09-12 01:10:00,1,67000,62500,2018-09-13 06:43:00
488,4085861,2018-09-17 21:48:00,1,53500,52000,2018-09-17 22:59:00
489,4085861,2018-09-17 21:48:00,1,53500,67000,2018-09-12 03:51:00
490,4085861,2018-09-17 21:48:00,1,58000,53500,2018-09-17 03:35:00
491,4085861,2018-09-17 21:48:00,1,60000,53500,2018-09-11 08:51:00
492,4085861,2018-09-17 21:48:00,1,62500,58000,2018-09-15 03:51:00
493,4085861,2018-09-17 21:48:00,1,67000,62500,2018-09-13 06:43:00
494,4085861,2018-09-17 23:06:00,1,53500,52000,2018-09-17 22:59:00
495,4085861,2018-09-17 23:06:00,1,53500,67000,2018-09-12 03:51:00
496,4085861,2018-09-17 23:06:00,1,58000,53500,2018-09-17 03:35:00
497,4085861,2018-09-17 23:06:00,1,60000,53500,2018-09-11 08:51:00
498,4085861,2018-09-17 23:06:00,1,62500,58000,2018-09-15 03:51:00
499,4085861,2018-09-17 23:06:00,1,67000,62500,2018-09-13 06:43:00
500,4085861,2018-09-17 10:24:00,1,53500,52000,2018-09-17 22:59:00
501,4085861,2018-09-17 10:24:00,1,53500,67000,2018-09-12 03:51:00
502,4085861,2018-09-17 10:24:00,1,58000,53500,2018-09-17 03:35:00
503,4085861,2018-09-17 10:24:00,1,60000,53500,2018-09-11 08:51:00
504,4085861,2018-09-17 10:24:00,1,62500,58000,2018-09-15 03:51:00
505,4085861,2018-09-17 10:24:00,1,67000,62500,2018-09-13 06:43:00
506,4085861,2018-09-11 19:18:00,1,53500,52000,2018-09-17 22:59:00
507,4085861,2018-09-11 19:18:00,1,53500,67000,2018-09-12 03:51:00
508,4085861,2018-09-11 19:18:00,1,58000,53500,2018-09-17 03:35:00
509,4085861,2018-09-11 19:18:00,1,60000,53500,2018-09-11 08:51:00
510,4085861,2018-09-11 19:18:00,1,62500,58000,2018-09-15 03:51:00
511,4085861,2018-09-11 19:18:00,1,67000,62500,2018-09-13 06:43:00
512,4085861,2018-09-11 13:34:00,1,53500,52000,2018-09-17 22:59:00
513,4085861,2018-09-11 13:34:00,1,53500,67000,2018-09-12 03:51:00
514,4085861,2018-09-11 13:34:00,1,58000,53500,2018-09-17 03:35:00
515,4085861,2018-09-11 13:34:00,1,60000,53500,2018-09-11 08:51:00
516,4085861,2018-09-11 13:34:00,1,62500,58000,2018-09-15 03:51:00
517,4085861,2018-09-11 13:34:00,1,67000,62500,2018-09-13 06:43:00
518,4085861,2018-09-17 10:03:00,1,53500,52000,2018-09-17 22:59:00
519,4085861,2018-09-17 10:03:00,1,53500,67000,2018-09-12 03:51:00
520,4085861,2018-09-17 10:03:00,1,58000,53500,2018-09-17 03:35:00
521,4085861,2018-09-17 10:03:00,1,60000,53500,2018-09-11 08:51:00
522,4085861,2018-09-17 10:03:00,1,62500,58000,2018-09-15 03:51:00
523,4085861,2018-09-17 10:03:00,1,67000,62500,2018-09-13 06:43:00
524,4085861,2018-09-11 12:47:00,1,53500,52000,2018-09-17 22:59:00
525,4085861,2018-09-11 12:47:00,1,53500,67000,2018-09-12 03:51:00
526,4085861,2018-09-11 12:47:00,1,58000,53500,2018-09-17 03:35:00
527,4085861,2018-09-11 12:47:00,1,60000,53500,2018-09-11 08:51:00
528,4085861,2018-09-11 12:47:00,1,62500,58000,2018-09-15 03:51:00
529,4085861,2018-09-11 12:47:00,1,67000,62500,2018-09-13 06:43:00
530,4085861,2018-09-17 10:18:00,1,53500,52000,2018-09-17 22:59:00
531,4085861,2018-09-17 10:18:00,1,53500,67000,2018-09-12 03:51:00
532,4085861,2018-09-17 10:18:00,1,58000,53500,2018-09-17 03:35:00
533,4085861,2018-09-17 10:18:00,1,60000,53500,2018-09-11 08:51:00
534,4085861,2018-09-17 10:18:00,1,62500,58000,2018-09-15 03:51:00
535,4085861,2018-09-17 10:18:00,1,67000,62500,2018-09-13 06:43:00
536,4085861,2018-09-11 19:57:00,1,53500,52000,2018-09-17 22:59:00
537,4085861,2018-09-11 19:57:00,1,53500,67000,2018-09-12 03:51:00
538,4085861,2018-09-11 19:57:00,1,58000,53500,2018-09-17 03:35:00
539,4085861,2018-09-11 19:57:00,1,60000,53500,2018-09-11 08:51:00
540,4085861,2018-09-11 19:57:00,1,62500,58000,2018-09-15 03:51:00
541,4085861,2018-09-11 19:57:00,1,67000,62500,2018-09-13 06:43:00
542,4085861,2018-09-17 10:14:00,1,53500,52000,2018-09-17 22:59:00
543,4085861,2018-09-17 10:14:00,1,53500,67000,2018-09-12 03:51:00
544,4085861,2018-09-17 10:14:00,1,58000,53500,2018-09-17 03:35:00
545,4085861,2018-09-17 10:14:00,1,60000,53500,2018-09-11 08:51:00
546,4085861,2018-09-17 10:14:00,1,62500,58000,2018-09-15 03:51:00
547,4085861,2018-09-17 10:14:00,1,67000,62500,2018-09-13 06:43:00
548,4085861,2018-09-11 18:13:00,1,53500,52000,2018-09-17 22:59:00
549,4085861,2018-09-11 18:13:00,1,53500,67000,2018-09-12 03:51:00
550,4085861,2018-09-11 18:13:00,1,58000,53500,2018-09-17 03:35:00
551,4085861,2018-09-11 18:13:00,1,60000,53500,2018-09-11 08:51:00
552,4085861,2018-09-11 18:13:00,1,62500,58000,2018-09-15 03:51:00
553,4085861,2018-09-11 18:13:00,1,67000,62500,2018-09-13 06:43:00
554,4085861,2018-09-17 23:13:00,1,53500,52000,2018-09-17 22:59:00
555,4085861,2018-09-17 23:13:00,1,53500,67000,2018-09-12 03:51:00
556,4085861,2018-09-17 23:13:00,1,58000,53500,2018-09-17 03:35:00
557,4085861,2018-09-17 23:13:00,1,60000,53500,2018-09-11 08:51:00
558,4085861,2018-09-17 23:13:00,1,62500,58000,2018-09-15 03:51:00
559,4085861,2018-09-17 23:13:00,1,67000,62500,2018-09-13 06:43:00
560,4085861,2018-09-17 11:51:00,1,53500,52000,2018-09-17 22:59:00
561,4085861,2018-09-17 11:51:00,1,53500,67000,2018-09-12 03:51:00
562,4085861,2018-09-17 11:51:00,1,58000,53500,2018-09-17 03:35:00
563,4085861,2018-09-17 11:51:00,1,60000,53500,2018-09-11 08:51:00
564,4085861,2018-09-17 11:51:00,1,62500,58000,2018-09-15 03:51:00
565,4085861,2018-09-17 11:51:00,1,67000,62500,2018-09-13 06:43:00
566,4085861,2018-09-11 11:47:00,2,53500,52000,2018-09-17 22:59:00
567,4085861,2018-09-11 11:47:00,2,53500,67000,2018-09-12 03:51:00
568,4085861,2018-09-11 11:47:00,2,58000,53500,2018-09-17 03:35:00
569,4085861,2018-09-11 11:47:00,2,60000,53500,2018-09-11 08:51:00
570,4085861,2018-09-11 11:47:00,2,62500,58000,2018-09-15 03:51:00
571,4085861,2018-09-11 11:47:00,2,67000,62500,2018-09-13 06:43:00
572,4085861,2018-09-11 20:52:00,1,53500,52000,2018-09-17 22:59:00
573,4085861,2018-09-11 20:52:00,1,53500,67000,2018-09-12 03:51:00
574,4085861,2018-09-11 20:52:00,1,58000,53500,2018-09-17 03:35:00
575,4085861,2018-09-11 20:52:00,1,60000,53500,2018-09-11 08:51:00
576,4085861,2018-09-11 20:52:00,1,62500,58000,2018-09-15 03:51:00
577,4085861,2018-09-11 20:52:00,1,67000,62500,2018-09-13 06:43:00
578,4085861,2018-09-17 10:53:00,1,53500,52000,2018-09-17 22:59:00
579,4085861,2018-09-17 10:53:00,1,53500,67000,2018-09-12 03:51:00
580,4085861,2018-09-17 10:53:00,1,58000,53500,2018-09-17 03:35:00
581,4085861,2018-09-17 10:53:00,1,60000,53500,2018-09-11 08:51:00
582,4085861,2018-09-17 10:53:00,1,62500,58000,2018-09-15 03:51:00
583,4085861,2018-09-17 10:53:00,1,67000,62500,2018-09-13 06:43:00
584,4085861,2018-09-17 14:14:00,1,53500,52000,2018-09-17 22:59:00
585,4085861,2018-09-17 14:14:00,1,53500,67000,2018-09-12 03:51:00
586,4085861,2018-09-17 14:14:00,1,58000,53500,2018-09-17 03:35:00
587,4085861,2018-09-17 14:14:00,1,60000,53500,2018-09-11 08:51:00
588,4085861,2018-09-17 14:14:00,1,62500,58000,2018-09-15 03:51:00
589,4085861,2018-09-17 14:14:00,1,67000,62500,2018-09-13 06:43:00
590,4085861,2018-09-17 12:39:00,1,53500,52000,2018-09-17 22:59:00
591,4085861,2018-09-17 12:39:00,1,53500,67000,2018-09-12 03:51:00
592,4085861,2018-09-17 12:39:00,1,58000,53500,2018-09-17 03:35:00
593,4085861,2018-09-17 12:39:00,1,60000,53500,2018-09-11 08:51:00
594,4085861,2018-09-17 12:39:00,1,62500,58000,2018-09-15 03:51:00
595,4085861,2018-09-17 12:39:00,1,67000,62500,2018-09-13 06:43:00
596,4085861,2018-09-11 11:34:00,1,53500,52000,2018-09-17 22:59:00
597,4085861,2018-09-11 11:34:00,1,53500,67000,2018-09-12 03:51:00
598,4085861,2018-09-11 11:34:00,1,58000,53500,2018-09-17 03:35:00
599,4085861,2018-09-11 11:34:00,1,60000,53500,2018-09-11 08:51:00
600,4085861,2018-09-11 11:34:00,1,62500,58000,2018-09-15 03:51:00
601,4085861,2018-09-11 11:34:00,1,67000,62500,2018-09-13 06:43:00
602,4085861,2018-09-11 11:06:00,1,53500,52000,2018-09-17 22:59:00
603,4085861,2018-09-11 11:06:00,1,53500,67000,2018-09-12 03:51:00
604,4085861,2018-09-11 11:06:00,1,58000,53500,2018-09-17 03:35:00
605,4085861,2018-09-11 11:06:00,1,60000,53500,2018-09-11 08:51:00
606,4085861,2018-09-11 11:06:00,1,62500,58000,2018-09-15 03:51:00
607,4085861,2018-09-11 11:06:00,1,67000,62500,2018-09-13 06:43:00
608,4085861,2018-09-11 22:26:00,1,53500,52000,2018-09-17 22:59:00
609,4085861,2018-09-11 22:26:00,1,53500,67000,2018-09-12 03:51:00
610,4085861,2018-09-11 22:26:00,1,58000,53500,2018-09-17 03:35:00
611,4085861,2018-09-11 22:26:00,1,60000,53500,2018-09-11 08:51:00
612,4085861,2018-09-11 22:26:00,1,62500,58000,2018-09-15 03:51:00
613,4085861,2018-09-11 22:26:00,1,67000,62500,2018-09-13 06:43:00
614,4085861,2018-09-17 17:25:00,1,53500,52000,2018-09-17 22:59:00
615,4085861,2018-09-17 17:25:00,1,53500,67000,2018-09-12 03:51:00
616,4085861,2018-09-17 17:25:00,1,58000,53500,2018-09-17 03:35:00
617,4085861,2018-09-17 17:25:00,1,60000,53500,2018-09-11 08:51:00
618,4085861,2018-09-17 17:25:00,1,62500,58000,2018-09-15 03:51:00
619,4085861,2018-09-17 17:25:00,1,67000,62500,2018-09-13 06:43:00
620,4085861,2018-09-11 16:48:00,1,53500,52000,2018-09-17 22:59:00
621,4085861,2018-09-11 16:48:00,1,53500,67000,2018-09-12 03:51:00
622,4085861,2018-09-11 16:48:00,1,58000,53500,2018-09-17 03:35:00
623,4085861,2018-09-11 16:48:00,1,60000,53500,2018-09-11 08:51:00
624,4085861,2018-09-11 16:48:00,1,62500,58000,2018-09-15 03:51:00
625,4085861,2018-09-11 16:48:00,1,67000,62500,2018-09-13 06:43:00
626,4085861,2018-09-17 10:38:00,1,53500,52000,2018-09-17 22:59:00
627,4085861,2018-09-17 10:38:00,1,53500,67000,2018-09-12 03:51:00
628,4085861,2018-09-17 10:38:00,1,58000,53500,2018-09-17 03:35:00
629,4085861,2018-09-17 10:38:00,1,60000,53500,2018-09-11 08:51:00
630,4085861,2018-09-17 10:38:00,1,62500,58000,2018-09-15 03:51:00
631,4085861,2018-09-17 10:38:00,1,67000,62500,2018-09-13 06:43:00
632,4085861,2018-09-17 10:49:00,1,53500,52000,2018-09-17 22:59:00
633,4085861,2018-09-17 10:49:00,1,53500,67000,2018-09-12 03:51:00
634,4085861,2018-09-17 10:49:00,1,58000,53500,2018-09-17 03:35:00
635,4085861,2018-09-17 10:49:00,1,60000,53500,2018-09-11 08:51:00
636,4085861,2018-09-17 10:49:00,1,62500,58000,2018-09-15 03:51:00
637,4085861,2018-09-17 10:49:00,1,67000,62500,2018-09-13 06:43:00
638,4085861,2018-09-17 22:18:00,1,53500,52000,2018-09-17 22:59:00
639,4085861,2018-09-17 22:18:00,1,53500,67000,2018-09-12 03:51:00
640,4085861,2018-09-17 22:18:00,1,58000,53500,2018-09-17 03:35:00
641,4085861,2018-09-17 22:18:00,1,60000,53500,2018-09-11 08:51:00
642,4085861,2018-09-17 22:18:00,1,62500,58000,2018-09-15 03:51:00
643,4085861,2018-09-17 22:18:00,1,67000,62500,2018-09-13 06:43:00
644,4085861,2018-09-17 21:48:00,1,53500,52000,2018-09-17 22:59:00
645,4085861,2018-09-17 21:48:00,1,53500,67000,2018-09-12 03:51:00
646,4085861,2018-09-17 21:48:00,1,58000,53500,2018-09-17 03:35:00
647,4085861,2018-09-17 21:48:00,1,60000,53500,2018-09-11 08:51:00
648,4085861,2018-09-17 21:48:00,1,62500,58000,2018-09-15 03:51:00
649,4085861,2018-09-17 21:48:00,1,67000,62500,2018-09-13 06:43:00
650,4085861,2018-09-11 16:59:00,1,53500,52000,2018-09-17 22:59:00
651,4085861,2018-09-11 16:59:00,1,53500,67000,2018-09-12 03:51:00
652,4085861,2018-09-11 16:59:00,1,58000,53500,2018-09-17 03:35:00
653,4085861,2018-09-11 16:59:00,1,60000,53500,2018-09-11 08:51:00
654,4085861,2018-09-11 16:59:00,1,62500,58000,2018-09-15 03:51:00
655,4085861,2018-09-11 16:59:00,1,67000,62500,2018-09-13 06:43:00
656,4085861,2018-09-17 16:52:00,1,53500,52000,2018-09-17 22:59:00
657,4085861,2018-09-17 16:52:00,1,53500,67000,2018-09-12 03:51:00
658,4085861,2018-09-17 16:52:00,1,58000,53500,2018-09-17 03:35:00
659,4085861,2018-09-17 16:52:00,1,60000,53500,2018-09-11 08:51:00
660,4085861,2018-09-17 16:52:00,1,62500,58000,2018-09-15 03:51:00
661,4085861,2018-09-17 16:52:00,1,67000,62500,2018-09-13 06:43:00
662,4085861,2018-09-11 09:30:00,1,53500,52000,2018-09-17 22:59:00
663,4085861,2018-09-11 09:30:00,1,53500,67000,2018-09-12 03:51:00
664,4085861,2018-09-11 09:30:00,1,58000,53500,2018-09-17 03:35:00
665,4085861,2018-09-11 09:30:00,1,60000,53500,2018-09-11 08:51:00
666,4085861,2018-09-11 09:30:00,1,62500,58000,2018-09-15 03:51:00
667,4085861,2018-09-11 09:30:00,1,67000,62500,2018-09-13 06:43:00
668,4085861,2018-09-11 22:14:00,1,53500,52000,2018-09-17 22:59:00
669,4085861,2018-09-11 22:14:00,1,53500,67000,2018-09-12 03:51:00
670,4085861,2018-09-11 22:14:00,1,58000,53500,2018-09-17 03:35:00
671,4085861,2018-09-11 22:14:00,1,60000,53500,2018-09-11 08:51:00
672,4085861,2018-09-11 22:14:00,1,62500,58000,2018-09-15 03:51:00
673,4085861,2018-09-11 22:14:00,1,67000,62500,2018-09-13 06:43:00
674,4085861,2018-09-17 20:39:00,1,53500,52000,2018-09-17 22:59:00
675,4085861,2018-09-17 20:39:00,1,53500,67000,2018-09-12 03:51:00
676,4085861,2018-09-17 20:39:00,1,58000,53500,2018-09-17 03:35:00
677,4085861,2018-09-17 20:39:00,1,60000,53500,2018-09-11 08:51:00
678,4085861,2018-09-17 20:39:00,1,62500,58000,2018-09-15 03:51:00
679,4085861,2018-09-17 20:39:00,1,67000,62500,2018-09-13 06:43:00
680,4085861,2018-09-17 07:56:00,1,53500,52000,2018-09-17 22:59:00
681,4085861,2018-09-17 07:56:00,1,53500,67000,2018-09-12 03:51:00
682,4085861,2018-09-17 07:56:00,1,58000,53500,2018-09-17 03:35:00
683,4085861,2018-09-17 07:56:00,1,60000,53500,2018-09-11 08:51:00
684,4085861,2018-09-17 07:56:00,1,62500,58000,2018-09-15 03:51:00
685,4085861,2018-09-17 07:56:00,1,67000,62500,2018-09-13 06:43:00
686,4085861,2018-09-17 15:05:00,1,53500,52000,2018-09-17 22:59:00
687,4085861,2018-09-17 15:05:00,1,53500,67000,2018-09-12 03:51:00
688,4085861,2018-09-17 15:05:00,1,58000,53500,2018-09-17 03:35:00
689,4085861,2018-09-17 15:05:00,1,60000,53500,2018-09-11 08:51:00
690,4085861,2018-09-17 15:05:00,1,62500,58000,2018-09-15 03:51:00
691,4085861,2018-09-17 15:05:00,1,67000,62500,2018-09-13 06:43:00
692,4085861,2018-09-17 22:22:00,1,53500,52000,2018-09-17 22:59:00
693,4085861,2018-09-17 22:22:00,1,53500,67000,2018-09-12 03:51:00
694,4085861,2018-09-17 22:22:00,1,58000,53500,2018-09-17 03:35:00
695,4085861,2018-09-17 22:22:00,1,60000,53500,2018-09-11 08:51:00
696,4085861,2018-09-17 22:22:00,1,62500,58000,2018-09-15 03:51:00
697,4085861,2018-09-17 22:22:00,1,67000,62500,2018-09-13 06:43:00
698,4085861,2018-09-12 21:43:00,1,53500,52000,2018-09-17 22:59:00
699,4085861,2018-09-12 21:43:00,1,53500,67000,2018-09-12 03:51:00
700,4085861,2018-09-12 21:43:00,1,58000,53500,2018-09-17 03:35:00
701,4085861,2018-09-12 21:43:00,1,60000,53500,2018-09-11 08:51:00
702,4085861,2018-09-12 21:43:00,1,62500,58000,2018-09-15 03:51:00
703,4085861,2018-09-12 21:43:00,1,67000,62500,2018-09-13 06:43:00
704,4085861,2018-09-12 07:30:00,1,53500,52000,2018-09-17 22:59:00
705,4085861,2018-09-12 07:30:00,1,53500,67000,2018-09-12 03:51:00
706,4085861,2018-09-12 07:30:00,1,58000,53500,2018-09-17 03:35:00
707,4085861,2018-09-12 07:30:00,1,60000,53500,2018-09-11 08:51:00
708,4085861,2018-09-12 07:30:00,1,62500,58000,2018-09-15 03:51:00
709,4085861,2018-09-12 07:30:00,1,67000,62500,2018-09-13 06:43:00
710,4085861,2018-09-12 13:45:00,1,53500,52000,2018-09-17 22:59:00
711,4085861,2018-09-12 13:45:00,1,53500,67000,2018-09-12 03:51:00
712,4085861,2018-09-12 13:45:00,1,58000,53500,2018-09-17 03:35:00
713,4085861,2018-09-12 13:45:00,1,60000,53500,2018-09-11 08:51:00
714,4085861,2018-09-12 13:45:00,1,62500,58000,2018-09-15 03:51:00
715,4085861,2018-09-12 13:45:00,1,67000,62500,2018-09-13 06:43:00
716,4085861,2018-09-12 11:29:00,1,53500,52000,2018-09-17 22:59:00
717,4085861,2018-09-12 11:29:00,1,53500,67000,2018-09-12 03:51:00
718,4085861,2018-09-12 11:29:00,1,58000,53500,2018-09-17 03:35:00
719,4085861,2018-09-12 11:29:00,1,60000,53500,2018-09-11 08:51:00
720,4085861,2018-09-12 11:29:00,1,62500,58000,2018-09-15 03:51:00
721,4085861,2018-09-12 11:29:00,1,67000,62500,2018-09-13 06:43:00
722,4085861,2018-09-12 20:17:00,1,53500,52000,2018-09-17 22:59:00
723,4085861,2018-09-12 20:17:00,1,53500,67000,2018-09-12 03:51:00
724,4085861,2018-09-12 20:17:00,1,58000,53500,2018-09-17 03:35:00
725,4085861,2018-09-12 20:17:00,1,60000,53500,2018-09-11 08:51:00
726,4085861,2018-09-12 20:17:00,1,62500,58000,2018-09-15 03:51:00
727,4085861,2018-09-12 20:17:00,1,67000,62500,2018-09-13 06:43:00
728,4085861,2018-09-12 20:32:00,1,53500,52000,2018-09-17 22:59:00
729,4085861,2018-09-12 20:32:00,1,53500,67000,2018-09-12 03:51:00
730,4085861,2018-09-12 20:32:00,1,58000,53500,2018-09-17 03:35:00
731,4085861,2018-09-12 20:32:00,1,60000,53500,2018-09-11 08:51:00
732,4085861,2018-09-12 20:32:00,1,62500,58000,2018-09-15 03:51:00
733,4085861,2018-09-12 20:32:00,1,67000,62500,2018-09-13 06:43:00
734,4085861,2018-09-12 12:04:00,1,53500,52000,2018-09-17 22:59:00
735,4085861,2018-09-12 12:04:00,1,53500,67000,2018-09-12 03:51:00
736,4085861,2018-09-12 12:04:00,1,58000,53500,2018-09-17 03:35:00
737,4085861,2018-09-12 12:04:00,1,60000,53500,2018-09-11 08:51:00
738,4085861,2018-09-12 12:04:00,1,62500,58000,2018-09-15 03:51:00
739,4085861,2018-09-12 12:04:00,1,67000,62500,2018-09-13 06:43:00
740,4085861,2018-09-12 11:10:00,1,53500,52000,2018-09-17 22:59:00
741,4085861,2018-09-12 11:10:00,1,53500,67000,2018-09-12 03:51:00
742,4085861,2018-09-12 11:10:00,1,58000,53500,2018-09-17 03:35:00
743,4085861,2018-09-12 11:10:00,1,60000,53500,2018-09-11 08:51:00
744,4085861,2018-09-12 11:10:00,1,62500,58000,2018-09-15 03:51:00
745,4085861,2018-09-12 11:10:00,1,67000,62500,2018-09-13 06:43:00
746,4085861,2018-09-12 15:34:00,1,53500,52000,2018-09-17 22:59:00
747,4085861,2018-09-12 15:34:00,1,53500,67000,2018-09-12 03:51:00
748,4085861,2018-09-12 15:34:00,1,58000,53500,2018-09-17 03:35:00
749,4085861,2018-09-12 15:34:00,1,60000,53500,2018-09-11 08:51:00
750,4085861,2018-09-12 15:34:00,1,62500,58000,2018-09-15 03:51:00
751,4085861,2018-09-12 15:34:00,1,67000,62500,2018-09-13 06:43:00
752,4085861,2018-09-12 11:18:00,1,53500,52000,2018-09-17 22:59:00
753,4085861,2018-09-12 11:18:00,1,53500,67000,2018-09-12 03:51:00
754,4085861,2018-09-12 11:18:00,1,58000,53500,2018-09-17 03:35:00
755,4085861,2018-09-12 11:18:00,1,60000,53500,2018-09-11 08:51:00
756,4085861,2018-09-12 11:18:00,1,62500,58000,2018-09-15 03:51:00
757,4085861,2018-09-12 11:18:00,1,67000,62500,2018-09-13 06:43:00
758,4085861,2018-09-12 17:55:00,1,53500,52000,2018-09-17 22:59:00
759,4085861,2018-09-12 17:55:00,1,53500,67000,2018-09-12 03:51:00
760,4085861,2018-09-12 17:55:00,1,58000,53500,2018-09-17 03:35:00
761,4085861,2018-09-12 17:55:00,1,60000,53500,2018-09-11 08:51:00
762,4085861,2018-09-12 17:55:00,1,62500,58000,2018-09-15 03:51:00
763,4085861,2018-09-12 17:55:00,1,67000,62500,2018-09-13 06:43:00
764,4085861,2018-09-12 17:24:00,1,53500,52000,2018-09-17 22:59:00
765,4085861,2018-09-12 17:24:00,1,53500,67000,2018-09-12 03:51:00
766,4085861,2018-09-12 17:24:00,1,58000,53500,2018-09-17 03:35:00
767,4085861,2018-09-12 17:24:00,1,60000,53500,2018-09-11 08:51:00
768,4085861,2018-09-12 17:24:00,1,62500,58000,2018-09-15 03:51:00
769,4085861,2018-09-12 17:24:00,1,67000,62500,2018-09-13 06:43:00
770,4085861,2018-09-12 13:03:00,1,53500,52000,2018-09-17 22:59:00
771,4085861,2018-09-12 13:03:00,1,53500,67000,2018-09-12 03:51:00
772,4085861,2018-09-12 13:03:00,1,58000,53500,2018-09-17 03:35:00
773,4085861,2018-09-12 13:03:00,1,60000,53500,2018-09-11 08:51:00
774,4085861,2018-09-12 13:03:00,1,62500,58000,2018-09-15 03:51:00
775,4085861,2018-09-12 13:03:00,1,67000,62500,2018-09-13 06:43:00
776,4085861,2018-09-14 14:50:00,1,53500,52000,2018-09-17 22:59:00
777,4085861,2018-09-14 14:50:00,1,53500,67000,2018-09-12 03:51:00
778,4085861,2018-09-14 14:50:00,1,58000,53500,2018-09-17 03:35:00
779,4085861,2018-09-14 14:50:00,1,60000,53500,2018-09-11 08:51:00
780,4085861,2018-09-14 14:50:00,1,62500,58000,2018-09-15 03:51:00
781,4085861,2018-09-14 14:50:00,1,67000,62500,2018-09-13 06:43:00
782,4085861,2018-09-14 15:38:00,1,53500,52000,2018-09-17 22:59:00
783,4085861,2018-09-14 15:38:00,1,53500,67000,2018-09-12 03:51:00
784,4085861,2018-09-14 15:38:00,1,58000,53500,2018-09-17 03:35:00
785,4085861,2018-09-14 15:38:00,1,60000,53500,2018-09-11 08:51:00
786,4085861,2018-09-14 15:38:00,1,62500,58000,2018-09-15 03:51:00
787,4085861,2018-09-14 15:38:00,1,67000,62500,2018-09-13 06:43:00
788,4085861,2018-09-13 12:56:00,1,53500,52000,2018-09-17 22:59:00
789,4085861,2018-09-13 12:56:00,1,53500,67000,2018-09-12 03:51:00
790,4085861,2018-09-13 12:56:00,1,58000,53500,2018-09-17 03:35:00
791,4085861,2018-09-13 12:56:00,1,60000,53500,2018-09-11 08:51:00
792,4085861,2018-09-13 12:56:00,1,62500,58000,2018-09-15 03:51:00
793,4085861,2018-09-13 12:56:00,1,67000,62500,2018-09-13 06:43:00
794,4085861,2018-09-13 21:08:00,1,53500,52000,2018-09-17 22:59:00
795,4085861,2018-09-13 21:08:00,1,53500,67000,2018-09-12 03:51:00
796,4085861,2018-09-13 21:08:00,1,58000,53500,2018-09-17 03:35:00
797,4085861,2018-09-13 21:08:00,1,60000,53500,2018-09-11 08:51:00
798,4085861,2018-09-13 21:08:00,1,62500,58000,2018-09-15 03:51:00
799,4085861,2018-09-13 21:08:00,1,67000,62500,2018-09-13 06:43:00
800,4085861,2018-09-13 08:12:00,1,53500,52000,2018-09-17 22:59:00
801,4085861,2018-09-13 08:12:00,1,53500,67000,2018-09-12 03:51:00
802,4085861,2018-09-13 08:12:00,1,58000,53500,2018-09-17 03:35:00
803,4085861,2018-09-13 08:12:00,1,60000,53500,2018-09-11 08:51:00
804,4085861,2018-09-13 08:12:00,1,62500,58000,2018-09-15 03:51:00
805,4085861,2018-09-13 08:12:00,1,67000,62500,2018-09-13 06:43:00
806,4085861,2018-09-13 08:05:00,1,53500,52000,2018-09-17 22:59:00
807,4085861,2018-09-13 08:05:00,1,53500,67000,2018-09-12 03:51:00
808,4085861,2018-09-13 08:05:00,1,58000,53500,2018-09-17 03:35:00
809,4085861,2018-09-13 08:05:00,1,60000,53500,2018-09-11 08:51:00
810,4085861,2018-09-13 08:05:00,1,62500,58000,2018-09-15 03:51:00
811,4085861,2018-09-13 08:05:00,1,67000,62500,2018-09-13 06:43:00
812,4085861,2018-09-13 11:52:00,1,53500,52000,2018-09-17 22:59:00
813,4085861,2018-09-13 11:52:00,1,53500,67000,2018-09-12 03:51:00
814,4085861,2018-09-13 11:52:00,1,58000,53500,2018-09-17 03:35:00
815,4085861,2018-09-13 11:52:00,1,60000,53500,2018-09-11 08:51:00
816,4085861,2018-09-13 11:52:00,1,62500,58000,2018-09-15 03:51:00
817,4085861,2018-09-13 11:52:00,1,67000,62500,2018-09-13 06:43:00
818,4085861,2018-09-13 17:42:00,1,53500,52000,2018-09-17 22:59:00
819,4085861,2018-09-13 17:42:00,1,53500,67000,2018-09-12 03:51:00
820,4085861,2018-09-13 17:42:00,1,58000,53500,2018-09-17 03:35:00
821,4085861,2018-09-13 17:42:00,1,60000,53500,2018-09-11 08:51:00
822,4085861,2018-09-13 17:42:00,1,62500,58000,2018-09-15 03:51:00
823,4085861,2018-09-13 17:42:00,1,67000,62500,2018-09-13 06:43:00
824,4085861,2018-09-14 22:29:00,1,53500,52000,2018-09-17 22:59:00
825,4085861,2018-09-14 22:29:00,1,53500,67000,2018-09-12 03:51:00
826,4085861,2018-09-14 22:29:00,1,58000,53500,2018-09-17 03:35:00
827,4085861,2018-09-14 22:29:00,1,60000,53500,2018-09-11 08:51:00
828,4085861,2018-09-14 22:29:00,1,62500,58000,2018-09-15 03:51:00
829,4085861,2018-09-14 22:29:00,1,67000,62500,2018-09-13 06:43:00
830,4085861,2018-09-14 07:30:00,1,53500,52000,2018-09-17 22:59:00
831,4085861,2018-09-14 07:30:00,1,53500,67000,2018-09-12 03:51:00
832,4085861,2018-09-14 07:30:00,1,58000,53500,2018-09-17 03:35:00
833,4085861,2018-09-14 07:30:00,1,60000,53500,2018-09-11 08:51:00
834,4085861,2018-09-14 07:30:00,1,62500,58000,2018-09-15 03:51:00
835,4085861,2018-09-14 07:30:00,1,67000,62500,2018-09-13 06:43:00
836,4085861,2018-09-14 09:19:00,1,53500,52000,2018-09-17 22:59:00
837,4085861,2018-09-14 09:19:00,1,53500,67000,2018-09-12 03:51:00
838,4085861,2018-09-14 09:19:00,1,58000,53500,2018-09-17 03:35:00
839,4085861,2018-09-14 09:19:00,1,60000,53500,2018-09-11 08:51:00
840,4085861,2018-09-14 09:19:00,1,62500,58000,2018-09-15 03:51:00
841,4085861,2018-09-14 09:19:00,1,67000,62500,2018-09-13 06:43:00
842,4085861,2018-09-13 19:01:00,1,53500,52000,2018-09-17 22:59:00
843,4085861,2018-09-13 19:01:00,1,53500,67000,2018-09-12 03:51:00
844,4085861,2018-09-13 19:01:00,1,58000,53500,2018-09-17 03:35:00
845,4085861,2018-09-13 19:01:00,1,60000,53500,2018-09-11 08:51:00
846,4085861,2018-09-13 19:01:00,1,62500,58000,2018-09-15 03:51:00
847,4085861,2018-09-13 19:01:00,1,67000,62500,2018-09-13 06:43:00
848,4085861,2018-09-14 20:00:00,1,53500,52000,2018-09-17 22:59:00
849,4085861,2018-09-14 20:00:00,1,53500,67000,2018-09-12 03:51:00
850,4085861,2018-09-14 20:00:00,1,58000,53500,2018-09-17 03:35:00
851,4085861,2018-09-14 20:00:00,1,60000,53500,2018-09-11 08:51:00
852,4085861,2018-09-14 20:00:00,1,62500,58000,2018-09-15 03:51:00
853,4085861,2018-09-14 20:00:00,1,67000,62500,2018-09-13 06:43:00
854,4085861,2018-09-13 16:33:00,1,53500,52000,2018-09-17 22:59:00
855,4085861,2018-09-13 16:33:00,1,53500,67000,2018-09-12 03:51:00
856,4085861,2018-09-13 16:33:00,1,58000,53500,2018-09-17 03:35:00
857,4085861,2018-09-13 16:33:00,1,60000,53500,2018-09-11 08:51:00
858,4085861,2018-09-13 16:33:00,1,62500,58000,2018-09-15 03:51:00
859,4085861,2018-09-13 16:33:00,1,67000,62500,2018-09-13 06:43:00
860,4085861,2018-09-14 19:32:00,1,53500,52000,2018-09-17 22:59:00
861,4085861,2018-09-14 19:32:00,1,53500,67000,2018-09-12 03:51:00
862,4085861,2018-09-14 19:32:00,1,58000,53500,2018-09-17 03:35:00
863,4085861,2018-09-14 19:32:00,1,60000,53500,2018-09-11 08:51:00
864,4085861,2018-09-14 19:32:00,1,62500,58000,2018-09-15 03:51:00
865,4085861,2018-09-14 19:32:00,1,67000,62500,2018-09-13 06:43:00
866,4085861,2018-09-13 14:56:00,1,53500,52000,2018-09-17 22:59:00
867,4085861,2018-09-13 14:56:00,1,53500,67000,2018-09-12 03:51:00
868,4085861,2018-09-13 14:56:00,1,58000,53500,2018-09-17 03:35:00
869,4085861,2018-09-13 14:56:00,1,60000,53500,2018-09-11 08:51:00
870,4085861,2018-09-13 14:56:00,1,62500,58000,2018-09-15 03:51:00
871,4085861,2018-09-13 14:56:00,1,67000,62500,2018-09-13 06:43:00
872,4085861,2018-09-14 12:34:00,1,53500,52000,2018-09-17 22:59:00
873,4085861,2018-09-14 12:34:00,1,53500,67000,2018-09-12 03:51:00
874,4085861,2018-09-14 12:34:00,1,58000,53500,2018-09-17 03:35:00
875,4085861,2018-09-14 12:34:00,1,60000,53500,2018-09-11 08:51:00
876,4085861,2018-09-14 12:34:00,1,62500,58000,2018-09-15 03:51:00
877,4085861,2018-09-14 12:34:00,1,67000,62500,2018-09-13 06:43:00
878,4085861,2018-09-13 14:22:00,1,53500,52000,2018-09-17 22:59:00
879,4085861,2018-09-13 14:22:00,1,53500,67000,2018-09-12 03:51:00
880,4085861,2018-09-13 14:22:00,1,58000,53500,2018-09-17 03:35:00
881,4085861,2018-09-13 14:22:00,1,60000,53500,2018-09-11 08:51:00
882,4085861,2018-09-13 14:22:00,1,62500,58000,2018-09-15 03:51:00
883,4085861,2018-09-13 14:22:00,1,67000,62500,2018-09-13 06:43:00
884,4085861,2018-09-13 22:05:00,1,53500,52000,2018-09-17 22:59:00
885,4085861,2018-09-13 22:05:00,1,53500,67000,2018-09-12 03:51:00
886,4085861,2018-09-13 22:05:00,1,58000,53500,2018-09-17 03:35:00
887,4085861,2018-09-13 22:05:00,1,60000,53500,2018-09-11 08:51:00
888,4085861,2018-09-13 22:05:00,1,62500,58000,2018-09-15 03:51:00
889,4085861,2018-09-13 22:05:00,1,67000,62500,2018-09-13 06:43:00
890,4085861,2018-09-13 19:07:00,1,53500,52000,2018-09-17 22:59:00
891,4085861,2018-09-13 19:07:00,1,53500,67000,2018-09-12 03:51:00
892,4085861,2018-09-13 19:07:00,1,58000,53500,2018-09-17 03:35:00
893,4085861,2018-09-13 19:07:00,1,60000,53500,2018-09-11 08:51:00
894,4085861,2018-09-13 19:07:00,1,62500,58000,2018-09-15 03:51:00
895,4085861,2018-09-13 19:07:00,1,67000,62500,2018-09-13 06:43:00
896,4085861,2018-09-13 11:57:00,1,53500,52000,2018-09-17 22:59:00
897,4085861,2018-09-13 11:57:00,1,53500,67000,2018-09-12 03:51:00
898,4085861,2018-09-13 11:57:00,1,58000,53500,2018-09-17 03:35:00
899,4085861,2018-09-13 11:57:00,1,60000,53500,2018-09-11 08:51:00
900,4085861,2018-09-13 11:57:00,1,62500,58000,2018-09-15 03:51:00
901,4085861,2018-09-13 11:57:00,1,67000,62500,2018-09-13 06:43:00
902,4085861,2018-09-14 18:04:00,1,53500,52000,2018-09-17 22:59:00
903,4085861,2018-09-14 18:04:00,1,53500,67000,2018-09-12 03:51:00
904,4085861,2018-09-14 18:04:00,1,58000,53500,2018-09-17 03:35:00
905,4085861,2018-09-14 18:04:00,1,60000,53500,2018-09-11 08:51:00
906,4085861,2018-09-14 18:04:00,1,62500,58000,2018-09-15 03:51:00
907,4085861,2018-09-14 18:04:00,1,67000,62500,2018-09-13 06:43:00
908,4085861,2018-09-14 19:02:00,1,53500,52000,2018-09-17 22:59:00
909,4085861,2018-09-14 19:02:00,1,53500,67000,2018-09-12 03:51:00
910,4085861,2018-09-14 19:02:00,1,58000,53500,2018-09-17 03:35:00
911,4085861,2018-09-14 19:02:00,1,60000,53500,2018-09-11 08:51:00
912,4085861,2018-09-14 19:02:00,1,62500,58000,2018-09-15 03:51:00
913,4085861,2018-09-14 19:02:00,1,67000,62500,2018-09-13 06:43:00
914,4085861,2018-09-14 09:56:00,1,53500,52000,2018-09-17 22:59:00
915,4085861,2018-09-14 09:56:00,1,53500,67000,2018-09-12 03:51:00
916,4085861,2018-09-14 09:56:00,1,58000,53500,2018-09-17 03:35:00
917,4085861,2018-09-14 09:56:00,1,60000,53500,2018-09-11 08:51:00
918,4085861,2018-09-14 09:56:00,1,62500,58000,2018-09-15 03:51:00
919,4085861,2018-09-14 09:56:00,1,67000,62500,2018-09-13 06:43:00
920,4085861,2018-09-13 19:03:00,1,53500,52000,2018-09-17 22:59:00
921,4085861,2018-09-13 19:03:00,1,53500,67000,2018-09-12 03:51:00
922,4085861,2018-09-13 19:03:00,1,58000,53500,2018-09-17 03:35:00
923,4085861,2018-09-13 19:03:00,1,60000,53500,2018-09-11 08:51:00
924,4085861,2018-09-13 19:03:00,1,62500,58000,2018-09-15 03:51:00
925,4085861,2018-09-13 19:03:00,1,67000,62500,2018-09-13 06:43:00
926,4085861,2018-09-13 19:24:00,1,53500,52000,2018-09-17 22:59:00
927,4085861,2018-09-13 19:24:00,1,53500,67000,2018-09-12 03:51:00
928,4085861,2018-09-13 19:24:00,1,58000,53500,2018-09-17 03:35:00
929,4085861,2018-09-13 19:24:00,1,60000,53500,2018-09-11 08:51:00
930,4085861,2018-09-13 19:24:00,1,62500,58000,2018-09-15 03:51:00
931,4085861,2018-09-13 19:24:00,1,67000,62500,2018-09-13 06:43:00
932,4085861,2018-09-14 13:17:00,1,53500,52000,2018-09-17 22:59:00
933,4085861,2018-09-14 13:17:00,1,53500,67000,2018-09-12 03:51:00
934,4085861,2018-09-14 13:17:00,1,58000,53500,2018-09-17 03:35:00
935,4085861,2018-09-14 13:17:00,1,60000,53500,2018-09-11 08:51:00
936,4085861,2018-09-14 13:17:00,1,62500,58000,2018-09-15 03:51:00
937,4085861,2018-09-14 13:17:00,1,67000,62500,2018-09-13 06:43:00
938,4085861,2018-09-13 11:55:00,1,53500,52000,2018-09-17 22:59:00
939,4085861,2018-09-13 11:55:00,1,53500,67000,2018-09-12 03:51:00
940,4085861,2018-09-13 11:55:00,1,58000,53500,2018-09-17 03:35:00
941,4085861,2018-09-13 11:55:00,1,60000,53500,2018-09-11 08:51:00
942,4085861,2018-09-13 11:55:00,1,62500,58000,2018-09-15 03:51:00
943,4085861,2018-09-13 11:55:00,1,67000,62500,2018-09-13 06:43:00
944,4085861,2018-09-13 23:29:00,1,53500,52000,2018-09-17 22:59:00
945,4085861,2018-09-13 23:29:00,1,53500,67000,2018-09-12 03:51:00
946,4085861,2018-09-13 23:29:00,1,58000,53500,2018-09-17 03:35:00
947,4085861,2018-09-13 23:29:00,1,60000,53500,2018-09-11 08:51:00
948,4085861,2018-09-13 23:29:00,1,62500,58000,2018-09-15 03:51:00
949,4085861,2018-09-13 23:29:00,1,67000,62500,2018-09-13 06:43:00
950,64,2018-09-11 19:32:00,1,270000,239000,2018-09-10 16:37:00
951,64,2018-09-14 20:10:00,1,270000,239000,2018-09-10 16:37:00
952,64,2018-09-12 16:00:00,1,270000,239000,2018-09-10 16:37:00
953,64,2018-09-12 13:23:00,1,270000,239000,2018-09-10 16:37:00
